title,price_raw,location,link
barnvagn,,,https://www.blocket.se/annons/blekinge/barnvagn_/1213496807
Emmaljunga barnvagn and accessories,,,https://www.blocket.se/annons/stockholm/emmaljunga_barnvagn_and_accessories/1213496806
mjuklift till barnvagn,,,https://www.blocket.se/annons/stockholm/mjuklift_till_barnvagn_/1213495847
Britax Smile barnvagn,,,https://www.blocket.se/annons/uppsala/britax_smile_barnvagn_/1213495220
Barnvagn,,,https://www.blocket.se/annons/dalarna/barnvagn/1213495210
barnvagn,,,https://www.blocket.se/annons/stockholm/barnvagn_/1213495204
Åkpåse till barnvagn,,,https://www.blocket.se/annons/kronoberg/akpase_till_barnvagn_/1213494766
Uppababy barnvagn Vista 2,,,https://www.blocket.se/annons/goteborg/uppababy_barnvagn_vista_2/1213494776
Emmaljunga Mondial de luxe komplett barnvagn med tillbehör,,,https://www.blocket.se/annons/goteborg/emmaljunga_mondial_de_luxe_komplett_barnvagn_med_tillbehor_/1213494508
Barnvagn,,,https://www.blocket.se/annons/varmland/barnvagn/1213494433
"Barnvagn, Isofix & babyskydd ”Britax Römer Smile III”",,,https://www.blocket.se/annons/alvsborg/barnvagn_isofix_babyskydd_britax_romer_smile_iii_/1213494284
Emmaljunga barnvagn,,,https://www.blocket.se/annons/vasterbotten/emmaljunga_barnvagn_/1213494181
Barnvagn,,,https://www.blocket.se/annons/ostergotland/barnvagn/1213493907
Britax Romer smile 3 barnvagn,,,https://www.blocket.se/annons/goteborg/britax_romer_smile_3_barnvagn_/1213493726
Resevagn - Barnvagn,,,https://www.blocket.se/annons/stockholm/resevagn_barnvagn/1213493631
Graco barnvagn,,,https://www.blocket.se/annons/stockholm/graco_barnvagn_/1213492670
Barnvagn från Britax Römer,,,https://www.blocket.se/annons/stockholm/barnvagn_fran_britax_romer_/1213492083
Barnvagn Premium 3-i-1,,,https://www.blocket.se/annons/goteborg/barnvagn_premium_3_i_1_/1213491844
Barnvagn - Cybex Mios,,,https://www.blocket.se/annons/skane/barnvagn_cybex_mios/1213491568
Barnvagn,,,https://www.blocket.se/annons/skane/barnvagn_/1213490908
Bugaboo donkey barnvagn,,,https://www.blocket.se/annons/orebro/bugaboo_donkey_barnvagn/1213490867
crescent barnvagn,,,https://www.blocket.se/annons/orebro/crescent_barnvagn_/1213490464
Barnvagn/sittvagn,,,https://www.blocket.se/annons/skaraborg/barnvagn_sittvagn/1213489475
barnvagn,,,https://www.blocket.se/annons/stockholm/barnvagn_/1213489034
Barnvagn,,,https://www.blocket.se/annons/dalarna/barnvagn_/1213489029
Ståbräda med stol till barnvagn,,,https://www.blocket.se/annons/goteborg/stabrada_med_stol_till_barnvagn/1213488703
4 sitsig barnvagn,,,https://www.blocket.se/annons/uppsala/4_sitsig_barnvagn/1213488085
Barnvagn - BRIO,,,https://www.blocket.se/annons/ostergotland/barnvagn_brio/1213487747
Barnvagn + sittvagn + babyskydd,,,https://www.blocket.se/annons/ostergotland/barnvagn_sittvagn_babyskydd/1213487666
Joolz barnvagn,,,https://www.blocket.se/annons/goteborg/joolz_barnvagn_/1213487284
Uppababy barnvagn,,,https://www.blocket.se/annons/stockholm/uppababy_barnvagn_/1213487258
Emmaljunga barnvagn,,,https://www.blocket.se/annons/halland/emmaljunga_barnvagn_/1213487118
Barnvagn Britax Smile,,,https://www.blocket.se/annons/jonkoping/barnvagn_britax_smile/1213486846
retro barnvagn,,,https://www.blocket.se/annons/skaraborg/retro_barnvagn_/1213486137
Cybex Balios S barnvagn och ståbräda,,,https://www.blocket.se/annons/stockholm/cybex_balios_s_barnvagn_och_stabrada/1213485309
Barnvagn Emmaljunga Super Viking - Sitt- & liggdel,,,https://www.blocket.se/annons/stockholm/barnvagn_emmaljunga_super_viking_sitt_liggdel/1213485082
Barnvagn,,,https://www.blocket.se/annons/stockholm/barnvagn/1213485035
Barnvagnshänge mobil barnvagn 70-tal,,,https://www.blocket.se/annons/stockholm/barnvagnshange_mobil_barnvagn_70_tal/1213484453
Skinnfäll till barnvagn/pulka,,,https://www.blocket.se/annons/kronoberg/skinnfall_till_barnvagn_pulka/1213484230
Bugaboo Donkey 3 Duo Barnvagn,,,https://www.blocket.se/annons/blekinge/bugaboo_donkey_3_duo_barnvagn_/1213484121
Cybex Priam Lux barnvagn & babyskydd m. Isofixbas EXTRA ALLT,,,https://www.blocket.se/annons/stockholm/cybex_priam_lux_barnvagn_babyskydd_m_isofixbas_extra_allt/1213484102
Basson Duo barnvagn tvilling/syskonvagn,,,https://www.blocket.se/annons/halland/basson_duo_barnvagn_tvilling_syskonvagn/1213483676
Ståbräda med sits till barnvagn,,,https://www.blocket.se/annons/dalarna/stabrada_med_sits_till_barnvagn/1213483649
Barnvagn kinderkraft 3 i 1,,,https://www.blocket.se/annons/skane/barnvagn_kinderkraft_3_i_1/1213482919
"Kinderkraft barnvagn, sittvagn",,,https://www.blocket.se/annons/skane/kinderkraft_barnvagn_sittvagn_/1213482375
Emmaljunga barnvagn NXT90 med tillbehör,,,https://www.blocket.se/annons/goteborg/emmaljunga_barnvagn_nxt90_med_tillbehor/1213481779
Emmaljunga barnvagn,,,https://www.blocket.se/annons/ostergotland/emmaljunga_barnvagn/1213481608
Joie barnvagn sulky,,,https://www.blocket.se/annons/stockholm/joie_barnvagn_sulky/1213481163
Britax B-Motion Plus större barnvagn,,,https://www.blocket.se/annons/stockholm/britax_b_motion_plus_storre_barnvagn/1213481128
Mountain buggy Sovsäck för barnvagn,,,https://www.blocket.se/annons/stockholm/mountain_buggy_sovsack_for_barnvagn/1213480151
"Dra-på-lakan 2 st. barnvagn, babykorg",,,https://www.blocket.se/annons/skane/dra_pa_lakan_2_st_barnvagn_babykorg/1213479444
"Barnvagn med tillbehör 3 i 1, 4 i 1",,,https://www.blocket.se/annons/skane/barnvagn_med_tillbehor_3_i_1_4_i_1/1213479593
Emmaljunga nxt90 barnvagn,,,https://www.blocket.se/annons/stockholm/emmaljunga_nxt90_barnvagn_/1213479478
Barnvagn,,,https://www.blocket.se/annons/orebro/barnvagn/1213479363
kinderkraft barnvagn,,,https://www.blocket.se/annons/goteborg/kinderkraft_barnvagn/1213478953
barnvagn,,,https://www.blocket.se/annons/varmland/barnvagn/1213477518
barnvagn ihopfällbar sulky,,,https://www.blocket.se/annons/stockholm/barnvagn_ihopfallbar_sulky/1213478286
Barnvagn Bugaboo Buffalo med tillbehör,,,https://www.blocket.se/annons/skane/barnvagn_bugaboo_buffalo_med_tillbehor/1213478261
Barnvagn Babyjogger City mini,,,https://www.blocket.se/annons/stockholm/barnvagn_babyjogger_city_mini_/1213477411
Barnvagn Britax smile 3,,,https://www.blocket.se/annons/jonkoping/barnvagn_britax_smile_3/1213477184
