headline,url,timestamp
"Asus ROG Strix XG27AQDMG 27"" Gaming QHD OLED 240Hz","https://www.prisjakt.nu/produkt.php?p=13798056","2025-09-12T11:28:56.900Z"
"Samsung Odyssey G5 C34G55TWW 34"" Ultrawide Välvd Gaming WQHD","https://www.prisjakt.nu/produkt.php?p=5635128","2025-09-12T11:28:56.900Z"
"MSI Pro MP2412 24"" Gaming Full HD VA","https://www.prisjakt.nu/produkt.php?p=12550830","2025-09-12T11:28:56.900Z"
"Philips E-Line 346E2LAE 34"" Ultrawide WQHD VA","https://www.prisjakt.nu/produkt.php?p=7261149","2025-09-12T11:28:56.900Z"
"AOC AGON PRO AG276QZD2 QD-OLED","https://www.prisjakt.nu/produkt.php?p=13792594","2025-09-12T11:28:56.900Z"
"Samsung Odyssey G3 S24DG300 24"" Gaming Full HD VA 180Hz","https://www.prisjakt.nu/produkt.php?p=13621080","2025-09-12T11:28:56.900Z"
"Samsung Odyssey G8 S32DG802 32"" Gaming 4K UHD OLED 240Hz","https://www.prisjakt.nu/produkt.php?p=13620795","2025-09-12T11:28:56.900Z"
"LG UltraFine 27US500 27""  4K UHD IPS","https://www.prisjakt.nu/produkt.php?p=14124311","2025-09-12T11:28:56.900Z"
"Dell Alienware Alienware AW3423DWF 34"" Ultrawide WQHD QD-OLED","https://www.prisjakt.nu/produkt.php?p=7421249","2025-09-12T11:28:56.900Z"
"LG UltraGear 27GS85Q 27"" QHD Nano IPS","https://www.prisjakt.nu/produkt.php?p=13567480","2025-09-12T11:28:56.900Z"
"Philips 24E2N1110 24"" Full HD","https://www.prisjakt.nu/produkt.php?p=14584821","2025-09-12T11:28:56.900Z"
"LG  UltraGear 45GX950A 45'' OLED WUHD 165/330Hz Dual Mode","https://www.prisjakt.nu/produkt.php?p=14536008","2025-09-12T11:28:56.900Z"
"Dell E2725H 27"" Full HD","https://www.prisjakt.nu/produkt.php?p=14125029","2025-09-12T11:28:56.900Z"
"Asus 27"" ROG Strix XG27ACDNG OLED QHD 360 Hz","https://www.prisjakt.nu/produkt.php?p=13949822","2025-09-12T11:28:56.900Z"
"LG UltraGear 27GS95QE OLED 27"" 4K QHD Gaming","https://www.prisjakt.nu/produkt.php?p=13060314","2025-09-12T11:28:56.900Z"
"AOC Q27G3XMN 27"" Gaming QHD VA 180Hz","https://www.prisjakt.nu/produkt.php?p=12794048","2025-09-12T11:28:56.900Z"
"Samsung Odyssey G5 S27CG554 27"" Curved Gaming QHD VA 165Hz","https://www.prisjakt.nu/produkt.php?p=13139047","2025-09-12T11:28:56.900Z"
"Samsung Odyssey OLED G9 S49CG934 49"" Ultrawide Välvd Gaming DQHD 240Hz","https://www.prisjakt.nu/produkt.php?p=11444870","2025-09-12T11:28:56.900Z"
"AOC 25G3ZM 25"" Gaming Full HD 240 Hz","https://www.prisjakt.nu/produkt.php?p=7010770","2025-09-12T11:28:56.900Z"
"Samsung Odyssey 3D G90XF LS27FG900XUXEN 27"" UHD Gaming 165Hz","https://www.prisjakt.nu/produkt.php?p=14550628","2025-09-12T11:28:56.900Z"
"Jonsbo DS8 8"" LCD","https://www.prisjakt.nu/produkt.php?p=14847811","2025-09-12T11:28:56.900Z"
"Dell Alienware AW2723DF 27"" Gaming QHD IPS 280Hz","https://www.prisjakt.nu/produkt.php?p=7007131","2025-09-12T11:28:56.900Z"
"Asus ROG Strix XG32UCWMG 31,5"" 4K Ultra HD LCD","https://www.prisjakt.nu/produkt.php?p=15147198","2025-09-12T11:28:56.900Z"
"AOC 24G4XE 24""","https://www.prisjakt.nu/produkt.php?p=13578831","2025-09-12T11:28:56.900Z"
"Dell UltraSharp U4025QW 40"" Ultrawide Curved WUHD IPS 120Hz","https://www.prisjakt.nu/produkt.php?p=13440645","2025-09-12T11:28:56.900Z"
"LG 34"" UltraWide 34WR50QK-B UWQHD (3440x1440) 100Hz Curved","https://www.prisjakt.nu/produkt.php?p=13931101","2025-09-12T11:28:56.900Z"
"Dell Alienware AW3425DWM 34"" WQHD","https://www.prisjakt.nu/produkt.php?p=14539477","2025-09-12T11:28:56.900Z"
"MSI G274F 27"" Gaming Full HD IPS 180Hz","https://www.prisjakt.nu/produkt.php?p=12550829","2025-09-12T11:28:56.900Z"
"Asus ROG Swift OLED PG27AQDM 27"" Gaming QHD 240Hz","https://www.prisjakt.nu/produkt.php?p=7323141","2025-09-12T11:28:56.900Z"
"Asus ROG Swift PG32UCDM 31,5"" Gaming 4K UHD 240Hz OLED","https://www.prisjakt.nu/produkt.php?p=13290192","2025-09-12T11:28:56.900Z"
"Dell Alienware AW2725DF 27'' QD-OLED","https://www.prisjakt.nu/produkt.php?p=13087295","2025-09-12T11:28:56.900Z"
"Samsung Odyssey G3 S27DG300 27"" LS27DG300 Full HD","https://www.prisjakt.nu/produkt.php?p=13621090","2025-09-12T11:28:56.900Z"
"Asus TUF Gaming VG246H1A 24"" Full HD IPS 100Hz","https://www.prisjakt.nu/produkt.php?p=10755124","2025-09-12T11:28:56.900Z"
"Samsung Odyssey G9 S49CG950E 49"" Välvd Gaming 4K DQHD VA 240Hz","https://www.prisjakt.nu/produkt.php?p=7320722","2025-09-12T11:28:56.900Z"
"MSI MAG401QR 40"" Ultrawide Gaming WQHD IPS 155Hz","https://www.prisjakt.nu/produkt.php?p=13219691","2025-09-12T11:28:56.900Z"
"Dell Plus S2725QS 27"" 4K UHD 120Hz","https://www.prisjakt.nu/produkt.php?p=14586552","2025-09-12T11:28:56.900Z"
"Samsung Odyssey OLED G8 G81SF LS27FG812SUXEN 27"" UHD Gaming 240Hz","https://www.prisjakt.nu/produkt.php?p=14550589","2025-09-12T11:28:56.900Z"
"Dell Alienware AW3225QF 4K QD-OLED","https://www.prisjakt.nu/produkt.php?p=13087459","2025-09-12T11:28:56.900Z"
"LG 32"" UltraGear 32GS95UV OLED 4K 240/480Hz Dual Mode","https://www.prisjakt.nu/produkt.php?p=13853649","2025-09-12T11:28:56.900Z"
"Asus ZenScreen MB165B 16""","https://www.prisjakt.nu/produkt.php?p=5962053","2025-09-12T11:28:56.900Z"
"LG UltraGear 45GS95QE OLED 45"" UWQHD Gaming","https://www.prisjakt.nu/produkt.php?p=13060312","2025-09-12T11:28:56.900Z"
"MSI Optix G27C4 27"" Välvd Gaming Full HD","https://www.prisjakt.nu/produkt.php?p=5218898","2025-09-12T11:28:56.900Z"
"Asus TUF Gaming VG27AQ3A 27"" Gaming QHD IPS 180Hz","https://www.prisjakt.nu/produkt.php?p=12165172","2025-09-12T11:28:56.900Z"
"MSI MAG 342CQR E2 34"" UWQHD 180Hz","https://www.prisjakt.nu/produkt.php?p=14430557","2025-09-12T11:28:56.900Z"
"Asus TUF Gaming VG246H1A 24"" Full HD IPS 100Hz","https://www.prisjakt.nu/produkt.php?p=10755124","2025-09-12T11:28:56.900Z"
"MSI Optix G27C4 27"" Välvd Gaming Full HD","https://www.prisjakt.nu/produkt.php?p=5218898","2025-09-12T11:28:56.900Z"
"Asus ROG Swift OLED PG27AQDM 27"" Gaming QHD 240Hz","https://www.prisjakt.nu/produkt.php?p=7323141","2025-09-12T11:28:56.900Z"
"AOC 24G4XE 24""","https://www.prisjakt.nu/produkt.php?p=13578831","2025-09-12T11:28:56.900Z"
"Asus ROG Strix XG259CS 24.5""","https://www.prisjakt.nu/produkt.php?p=13885616","2025-09-12T11:28:56.900Z"
"Samsung F24T452 24"" Full HD IPS","https://www.prisjakt.nu/produkt.php?p=5623585","2025-09-12T11:28:56.900Z"
"Jonsbo DS8 8"" LCD","https://www.prisjakt.nu/produkt.php?p=14847811","2025-09-12T11:28:56.900Z"
"MSI MAG 321UP 31,5""","https://www.prisjakt.nu/produkt.php?p=13718983","2025-09-12T11:28:56.900Z"